Class or Package Name, Initialization Kind, Reasons
Truffle classes are always initialized at build time, BUILD_TIME, from feature com.oracle.svm.truffle.TruffleBaseFeature.afterRegistration with 'Truffle classes are always initialized at build time'
apple.security, BUILD_TIME, Core JDK classes are initialized at build time
boolean, BUILD_TIME, primitive types are initialized at build time
boolean[], BUILD_TIME, arrays are initialized at build time
byte, BUILD_TIME, primitive types are initialized at build time
byte[], BUILD_TIME, arrays are initialized at build time
byte[][], BUILD_TIME, arrays are initialized at build time
char, BUILD_TIME, primitive types are initialized at build time
char[], BUILD_TIME, arrays are initialized at build time
com.oracle.graal, BUILD_TIME, Native Image classes are always initialized at build time
com.oracle.graalvm.locator, BUILD_TIME, from feature com.oracle.svm.truffle.TruffleBaseFeature.afterRegistration with 'com.oracle.graalvm.locator'
com.oracle.objectfile, BUILD_TIME, Native Image classes are always initialized at build time
com.oracle.svm, BUILD_TIME, Native Image classes are always initialized at build time
com.oracle.svm.core.SubstrateDiagnostics$ErrorContext, BUILD_TIME, classes annotated with RawStructure are always initialized at image build time
com.oracle.svm.core.SubstrateUtil$Target_com_oracle_svm_core_SubstrateUtil, BUILD_TIME, substitutions are always initialized
com.oracle.svm.core.SubstrateUtil$Target_java_io_FileOutputStream, BUILD_TIME, substitutions are always initialized
com.oracle.svm.core.Target_java_io_FilterInputStream, BUILD_TIME, substitutions are always initialized
com.oracle.svm.core.Target_java_lang_Terminator, BUILD_TIME, substitutions are always initialized
com.oracle.svm.core.Target_sun_security_provider_NativePRNG, BUILD_TIME, substitutions are always initialized
com.oracle.svm.core.Target_sun_security_provider_NativePRNG_RandomIO, BUILD_TIME, substitutions are always initialized
com.oracle.svm.core.aarch64.AArch64LibCHelper$CPUFeatures, BUILD_TIME, classes annotated with CStruct are always initialized at image build time and classes annotated with CContext are always initialized at image build time
com.oracle.svm.core.aarch64.AArch64LibCHelperDirectives, BUILD_TIME, CContext.Directives must be eagerly initialized
com.oracle.svm.core.amd64.AMD64LibCHelper$CPUFeatures, BUILD_TIME, classes annotated with CStruct are always initialized at image build time and classes annotated with CContext are always initialized at image build time
com.oracle.svm.core.amd64.AMD64LibCHelperDirectives, BUILD_TIME, CContext.Directives must be eagerly initialized
com.oracle.svm.core.c.Target_org_graalvm_nativeimage_c_function_CEntryPointLiteral, BUILD_TIME, substitutions are always initialized
com.oracle.svm.core.c.function.CEntryPointCreateIsolateParameters, BUILD_TIME, classes annotated with CStruct are always initialized at image build time
com.oracle.svm.core.c.function.CEntryPointNativeFunctions$IsolatePointer, BUILD_TIME, classes annotated with CPointerTo are always initialized at image build time
com.oracle.svm.core.c.function.CEntryPointNativeFunctions$IsolateThreadPointer, BUILD_TIME, classes annotated with CPointerTo are always initialized at image build time
com.oracle.svm.core.code.CodeInfo, BUILD_TIME, classes annotated with RawStructure are always initialized at image build time
com.oracle.svm.core.code.CodeInfoImpl, BUILD_TIME, classes annotated with RawStructure are always initialized at image build time
com.oracle.svm.core.code.CodeInfoPointer, BUILD_TIME, classes annotated with RawPointerTo are always initialized at image build time
com.oracle.svm.core.code.InstalledCodeObserver$InstalledCodeObserverHandle, BUILD_TIME, classes annotated with RawStructure are always initialized at image build time
com.oracle.svm.core.code.SimpleCodeInfoQueryResult, BUILD_TIME, classes annotated with RawStructure are always initialized at image build time
com.oracle.svm.core.code.UntetheredCodeInfo, BUILD_TIME, classes annotated with RawStructure are always initialized at image build time
com.oracle.svm.core.collections.GrowableWordArray, BUILD_TIME, classes annotated with RawStructure are always initialized at image build time
com.oracle.svm.core.collections.UninterruptibleEntry, BUILD_TIME, classes annotated with RawStructure are always initialized at image build time
com.oracle.svm.core.genscavenge.AlignedHeapChunk$AlignedHeader, BUILD_TIME, classes annotated with RawStructure are always initialized at image build time
com.oracle.svm.core.genscavenge.GCImpl$CollectionVMOperationData, BUILD_TIME, classes annotated with RawStructure are always initialized at image build time
com.oracle.svm.core.genscavenge.HeapChunk$Header, BUILD_TIME, classes annotated with RawStructure are always initialized at image build time
com.oracle.svm.core.genscavenge.HeapChunk$HeaderPadding, BUILD_TIME, classes annotated with RawStructure are always initialized at image build time
com.oracle.svm.core.genscavenge.Target_java_lang_Runtime, BUILD_TIME, substitutions are always initialized
com.oracle.svm.core.genscavenge.ThreadLocalAllocation$Descriptor, BUILD_TIME, classes annotated with RawStructure are always initialized at image build time
com.oracle.svm.core.genscavenge.UnalignedHeapChunk$UnalignedHeader, BUILD_TIME, classes annotated with RawStructure are always initialized at image build time
com.oracle.svm.core.heap.StoredContinuationAccess$ContinuationStackFrameVisitorData, BUILD_TIME, classes annotated with RawStructure are always initialized at image build time
com.oracle.svm.core.heap.Target_java_lang_ref_Cleaner, BUILD_TIME, substitutions are always initialized
com.oracle.svm.core.heap.Target_java_lang_ref_Cleaner_Cleanable, BUILD_TIME, substitutions are always initialized
com.oracle.svm.core.heap.Target_java_lang_ref_Finalizer, BUILD_TIME, substitutions are always initialized
com.oracle.svm.core.heap.Target_java_lang_ref_Finalizer_FinalizerThread, BUILD_TIME, substitutions are always initialized
com.oracle.svm.core.heap.Target_java_lang_ref_PhantomReference, BUILD_TIME, substitutions are always initialized
com.oracle.svm.core.heap.Target_java_lang_ref_Reference, BUILD_TIME, substitutions are always initialized
com.oracle.svm.core.heap.Target_java_lang_ref_ReferenceQueue, BUILD_TIME, substitutions are always initialized
com.oracle.svm.core.heap.Target_java_lang_ref_Reference_ReferenceHandler, BUILD_TIME, substitutions are always initialized
com.oracle.svm.core.heap.Target_java_lang_ref_SoftReference, BUILD_TIME, substitutions are always initialized
com.oracle.svm.core.heap.Target_jdk_internal_ref_Cleaner, BUILD_TIME, substitutions are always initialized
com.oracle.svm.core.heap.Target_jdk_internal_ref_CleanerFactory, BUILD_TIME, substitutions are always initialized
com.oracle.svm.core.heap.Target_jdk_internal_ref_CleanerImpl, BUILD_TIME, substitutions are always initialized
com.oracle.svm.core.heap.Target_jdk_internal_ref_PhantomCleanable, BUILD_TIME, substitutions are always initialized
com.oracle.svm.core.heap.dump.HeapDumpMetadata$ClassInfo, BUILD_TIME, classes annotated with RawStructure are always initialized at image build time
com.oracle.svm.core.heap.dump.HeapDumpMetadata$FieldInfo, BUILD_TIME, classes annotated with RawStructure are always initialized at image build time
com.oracle.svm.core.heap.dump.HeapDumpMetadata$FieldInfoPointer, BUILD_TIME, classes annotated with RawPointerTo are always initialized at image build time
com.oracle.svm.core.heap.dump.HeapDumpMetadata$FieldName, BUILD_TIME, classes annotated with RawStructure are always initialized at image build time
com.oracle.svm.core.heap.dump.HeapDumpMetadata$FieldNamePointer, BUILD_TIME, classes annotated with RawPointerTo are always initialized at image build time
com.oracle.svm.core.heap.dump.HeapDumpSupportImpl$HeapDumpVMOperationData, BUILD_TIME, classes annotated with RawStructure are always initialized at image build time
com.oracle.svm.core.hub.DynamicHub, BUILD_TIME, substitutions are always initialized
com.oracle.svm.core.hub.Target_java_lang_Class_AnnotationData, BUILD_TIME, substitutions are always initialized
com.oracle.svm.core.hub.Target_java_lang_Class_Atomic, BUILD_TIME, substitutions are always initialized
com.oracle.svm.core.hub.Target_java_lang_Class_EnclosingMethodInfo, BUILD_TIME, substitutions are always initialized
com.oracle.svm.core.hub.Target_java_lang_Class_ReflectionData, BUILD_TIME, substitutions are always initialized
com.oracle.svm.core.hub.Target_java_lang_PublicMethods_MethodList, BUILD_TIME, substitutions are always initialized
com.oracle.svm.core.hub.Target_jdk_internal_reflect_ReflectionFactory, BUILD_TIME, substitutions are always initialized
com.oracle.svm.core.hub.Target_sun_reflect_generics_reflectiveObjects_TypeVariableImpl, BUILD_TIME, substitutions are always initialized
com.oracle.svm.core.invoke.Target_java_lang_invoke_MemberName, BUILD_TIME, substitutions are always initialized
com.oracle.svm.core.jdk.CompletableFutureFieldHolder, RUN_TIME, from feature com.oracle.svm.core.jdk.CompletableFutureFeature.duringSetup with 'CompletableFutureFieldHolder.class'
com.oracle.svm.core.jdk.Target_com_oracle_svm_core_util_VMError, BUILD_TIME, substitutions are always initialized
com.oracle.svm.core.jdk.Target_java_io_ClassCache, BUILD_TIME, substitutions are always initialized
com.oracle.svm.core.jdk.Target_java_io_FileDescriptor, BUILD_TIME, substitutions are always initialized
com.oracle.svm.core.jdk.Target_java_io_FileDescriptor_JNI, BUILD_TIME, substitutions are always initialized
com.oracle.svm.core.jdk.Target_java_io_FileInputStream_JNI, BUILD_TIME, substitutions are always initialized
com.oracle.svm.core.jdk.Target_java_io_FileOutputStream_JNI, BUILD_TIME, substitutions are always initialized
com.oracle.svm.core.jdk.Target_java_io_FileSystem, BUILD_TIME, substitutions are always initialized
com.oracle.svm.core.jdk.Target_java_io_ObjectStreamClass, BUILD_TIME, substitutions are always initialized
com.oracle.svm.core.jdk.Target_java_io_ObjectStreamClass_Caches, BUILD_TIME, substitutions are always initialized
com.oracle.svm.core.jdk.Target_java_io_UnixFileSystem, BUILD_TIME, substitutions are always initialized
com.oracle.svm.core.jdk.Target_java_lang_AssertionStatusDirectives, BUILD_TIME, substitutions are always initialized
com.oracle.svm.core.jdk.Target_java_lang_ClassLoader, BUILD_TIME, substitutions are always initialized
com.oracle.svm.core.jdk.Target_java_lang_ClassLoader_ParallelLoaders, BUILD_TIME, substitutions are always initialized
com.oracle.svm.core.jdk.Target_java_lang_ClassValue, BUILD_TIME, substitutions are always initialized
com.oracle.svm.core.jdk.Target_java_lang_Enum, BUILD_TIME, substitutions are always initialized
com.oracle.svm.core.jdk.Target_java_lang_Module, BUILD_TIME, substitutions are always initialized
com.oracle.svm.core.jdk.Target_java_lang_ModuleLayer, BUILD_TIME, substitutions are always initialized
com.oracle.svm.core.jdk.Target_java_lang_Module_ReflectionData, BUILD_TIME, substitutions are always initialized
com.oracle.svm.core.jdk.Target_java_lang_NamedPackage, BUILD_TIME, substitutions are always initialized
com.oracle.svm.core.jdk.Target_java_lang_NullPointerException, BUILD_TIME, substitutions are always initialized
com.oracle.svm.core.jdk.Target_java_lang_Object, BUILD_TIME, substitutions are always initialized
com.oracle.svm.core.jdk.Target_java_lang_Package, BUILD_TIME, substitutions are always initialized
com.oracle.svm.core.jdk.Target_java_lang_Runtime, BUILD_TIME, substitutions are always initialized
com.oracle.svm.core.jdk.Target_java_lang_SecurityManager, BUILD_TIME, substitutions are always initialized
com.oracle.svm.core.jdk.Target_java_lang_Shutdown, BUILD_TIME, substitutions are always initialized
com.oracle.svm.core.jdk.Target_java_lang_StackFrameInfo, BUILD_TIME, substitutions are always initialized
com.oracle.svm.core.jdk.Target_java_lang_StackStreamFactory, BUILD_TIME, substitutions are always initialized
com.oracle.svm.core.jdk.Target_java_lang_StackTraceElement, BUILD_TIME, substitutions are always initialized
com.oracle.svm.core.jdk.Target_java_lang_StackWalker, BUILD_TIME, substitutions are always initialized
com.oracle.svm.core.jdk.Target_java_lang_String, BUILD_TIME, substitutions are always initialized
com.oracle.svm.core.jdk.Target_java_lang_StringLatin1, BUILD_TIME, substitutions are always initialized
com.oracle.svm.core.jdk.Target_java_lang_StringUTF16, BUILD_TIME, substitutions are always initialized
com.oracle.svm.core.jdk.Target_java_lang_System, BUILD_TIME, substitutions are always initialized
com.oracle.svm.core.jdk.Target_java_lang_Throwable, BUILD_TIME, substitutions are always initialized
com.oracle.svm.core.jdk.Target_java_lang_WeakPairMap, BUILD_TIME, substitutions are always initialized
com.oracle.svm.core.jdk.Target_java_lang_foreign_MemorySegment_JDK19OrLater, BUILD_TIME, substitutions are always initialized
com.oracle.svm.core.jdk.Target_java_lang_invoke_DirectMethodHandle_Accessor, BUILD_TIME, substitutions are always initialized
com.oracle.svm.core.jdk.Target_java_lang_invoke_DirectMethodHandle_StaticAccessor, BUILD_TIME, substitutions are always initialized
com.oracle.svm.core.jdk.Target_java_lang_invoke_VarHandleBooleans_Array, BUILD_TIME, substitutions are always initialized
com.oracle.svm.core.jdk.Target_java_lang_invoke_VarHandleBooleans_FieldInstanceReadOnly, BUILD_TIME, substitutions are always initialized
com.oracle.svm.core.jdk.Target_java_lang_invoke_VarHandleBooleans_FieldStaticReadOnly, BUILD_TIME, substitutions are always initialized
com.oracle.svm.core.jdk.Target_java_lang_invoke_VarHandleBytes_Array, BUILD_TIME, substitutions are always initialized
com.oracle.svm.core.jdk.Target_java_lang_invoke_VarHandleBytes_FieldInstanceReadOnly, BUILD_TIME, substitutions are always initialized
com.oracle.svm.core.jdk.Target_java_lang_invoke_VarHandleBytes_FieldStaticReadOnly, BUILD_TIME, substitutions are always initialized
com.oracle.svm.core.jdk.Target_java_lang_invoke_VarHandleChars_Array, BUILD_TIME, substitutions are always initialized
com.oracle.svm.core.jdk.Target_java_lang_invoke_VarHandleChars_FieldInstanceReadOnly, BUILD_TIME, substitutions are always initialized
com.oracle.svm.core.jdk.Target_java_lang_invoke_VarHandleChars_FieldStaticReadOnly, BUILD_TIME, substitutions are always initialized
com.oracle.svm.core.jdk.Target_java_lang_invoke_VarHandleDoubles_Array, BUILD_TIME, substitutions are always initialized
com.oracle.svm.core.jdk.Target_java_lang_invoke_VarHandleDoubles_FieldInstanceReadOnly, BUILD_TIME, substitutions are always initialized
com.oracle.svm.core.jdk.Target_java_lang_invoke_VarHandleDoubles_FieldStaticReadOnly, BUILD_TIME, substitutions are always initialized
com.oracle.svm.core.jdk.Target_java_lang_invoke_VarHandleFloats_Array, BUILD_TIME, substitutions are always initialized
com.oracle.svm.core.jdk.Target_java_lang_invoke_VarHandleFloats_FieldInstanceReadOnly, BUILD_TIME, substitutions are always initialized
com.oracle.svm.core.jdk.Target_java_lang_invoke_VarHandleFloats_FieldStaticReadOnly, BUILD_TIME, substitutions are always initialized
com.oracle.svm.core.jdk.Target_java_lang_invoke_VarHandleInts_Array, BUILD_TIME, substitutions are always initialized
com.oracle.svm.core.jdk.Target_java_lang_invoke_VarHandleInts_FieldInstanceReadOnly, BUILD_TIME, substitutions are always initialized
com.oracle.svm.core.jdk.Target_java_lang_invoke_VarHandleInts_FieldStaticReadOnly, BUILD_TIME, substitutions are always initialized
com.oracle.svm.core.jdk.Target_java_lang_invoke_VarHandleLongs_Array, BUILD_TIME, substitutions are always initialized
com.oracle.svm.core.jdk.Target_java_lang_invoke_VarHandleLongs_FieldInstanceReadOnly, BUILD_TIME, substitutions are always initialized
com.oracle.svm.core.jdk.Target_java_lang_invoke_VarHandleLongs_FieldStaticReadOnly, BUILD_TIME, substitutions are always initialized
com.oracle.svm.core.jdk.Target_java_lang_invoke_VarHandleReferences_Array, BUILD_TIME, substitutions are always initialized
com.oracle.svm.core.jdk.Target_java_lang_invoke_VarHandleReferences_FieldInstanceReadOnly, BUILD_TIME, substitutions are always initialized
com.oracle.svm.core.jdk.Target_java_lang_invoke_VarHandleReferences_FieldStaticReadOnly, BUILD_TIME, substitutions are always initialized
com.oracle.svm.core.jdk.Target_java_lang_invoke_VarHandleShorts_Array, BUILD_TIME, substitutions are always initialized
com.oracle.svm.core.jdk.Target_java_lang_invoke_VarHandleShorts_FieldInstanceReadOnly, BUILD_TIME, substitutions are always initialized
com.oracle.svm.core.jdk.Target_java_lang_invoke_VarHandleShorts_FieldStaticReadOnly, BUILD_TIME, substitutions are always initialized
com.oracle.svm.core.jdk.Target_java_lang_module_ModuleDescriptor, BUILD_TIME, substitutions are always initialized
com.oracle.svm.core.jdk.Target_java_lang_reflect_Array, BUILD_TIME, substitutions are always initialized
com.oracle.svm.core.jdk.Target_java_math_BigInteger, BUILD_TIME, substitutions are always initialized
com.oracle.svm.core.jdk.Target_java_net_URL, BUILD_TIME, substitutions are always initialized
com.oracle.svm.core.jdk.Target_java_net_URLClassLoader, BUILD_TIME, substitutions are always initialized
com.oracle.svm.core.jdk.Target_java_nio_Bits, BUILD_TIME, substitutions are always initialized
com.oracle.svm.core.jdk.Target_java_nio_Buffer, BUILD_TIME, substitutions are always initialized
com.oracle.svm.core.jdk.Target_java_nio_DirectByteBuffer, BUILD_TIME, substitutions are always initialized
com.oracle.svm.core.jdk.Target_java_nio_DirectByteBufferR_JDK19OrLater, BUILD_TIME, substitutions are always initialized
com.oracle.svm.core.jdk.Target_java_nio_DirectByteBuffer_JDK19OrLater, BUILD_TIME, substitutions are always initialized
com.oracle.svm.core.jdk.Target_java_nio_channels_spi_SelectorProvider_Holder, BUILD_TIME, substitutions are always initialized
com.oracle.svm.core.jdk.Target_java_nio_charset_CharsetEncoder, BUILD_TIME, substitutions are always initialized
com.oracle.svm.core.jdk.Target_java_nio_file_spi_FileSystemProvider, BUILD_TIME, substitutions are always initialized
com.oracle.svm.core.jdk.Target_java_security_AccessControlContext, BUILD_TIME, substitutions are always initialized
com.oracle.svm.core.jdk.Target_java_security_AccessController, BUILD_TIME, substitutions are always initialized
com.oracle.svm.core.jdk.Target_java_security_Policy, BUILD_TIME, substitutions are always initialized
com.oracle.svm.core.jdk.Target_java_security_Policy_PolicyInfo, BUILD_TIME, substitutions are always initialized
com.oracle.svm.core.jdk.Target_java_security_Provider, BUILD_TIME, substitutions are always initialized
com.oracle.svm.core.jdk.Target_java_security_Provider_ServiceKey, BUILD_TIME, substitutions are always initialized
com.oracle.svm.core.jdk.Target_java_security_SecureClassLoader, BUILD_TIME, substitutions are always initialized
com.oracle.svm.core.jdk.Target_java_security_SecureClassLoader_CodeSourceKey, BUILD_TIME, substitutions are always initialized
com.oracle.svm.core.jdk.Target_java_time_zone_ZoneRules, BUILD_TIME, substitutions are always initialized
com.oracle.svm.core.jdk.Target_java_util_AbstractMap, BUILD_TIME, substitutions are always initialized
com.oracle.svm.core.jdk.Target_java_util_Calendar, BUILD_TIME, substitutions are always initialized
com.oracle.svm.core.jdk.Target_java_util_Collections, BUILD_TIME, substitutions are always initialized
com.oracle.svm.core.jdk.Target_java_util_Collections_SynchronizedMap, BUILD_TIME, substitutions are always initialized
com.oracle.svm.core.jdk.Target_java_util_Collections_UnmodifiableMap, BUILD_TIME, substitutions are always initialized
com.oracle.svm.core.jdk.Target_java_util_Currency, BUILD_TIME, substitutions are always initialized
com.oracle.svm.core.jdk.Target_java_util_EnumMap, BUILD_TIME, substitutions are always initialized
com.oracle.svm.core.jdk.Target_java_util_HashMap, BUILD_TIME, substitutions are always initialized
com.oracle.svm.core.jdk.Target_java_util_Hashtable, BUILD_TIME, substitutions are always initialized
com.oracle.svm.core.jdk.Target_java_util_IdentityHashMap, BUILD_TIME, substitutions are always initialized
com.oracle.svm.core.jdk.Target_java_util_ImmutableCollections, BUILD_TIME, substitutions are always initialized
com.oracle.svm.core.jdk.Target_java_util_Optional, BUILD_TIME, substitutions are always initialized
com.oracle.svm.core.jdk.Target_java_util_ServiceLoader, BUILD_TIME, substitutions are always initialized
com.oracle.svm.core.jdk.Target_java_util_ServiceLoader_ProviderImpl, BUILD_TIME, substitutions are always initialized
com.oracle.svm.core.jdk.Target_java_util_SplittableRandom, BUILD_TIME, substitutions are always initialized
com.oracle.svm.core.jdk.Target_java_util_TimeZone, BUILD_TIME, substitutions are always initialized
com.oracle.svm.core.jdk.Target_java_util_TreeMap, BUILD_TIME, substitutions are always initialized
com.oracle.svm.core.jdk.Target_java_util_TreeMap_EntrySet, BUILD_TIME, substitutions are always initialized
com.oracle.svm.core.jdk.Target_java_util_TreeMap_KeySet, BUILD_TIME, substitutions are always initialized
com.oracle.svm.core.jdk.Target_java_util_WeakHashMap, BUILD_TIME, substitutions are always initialized
com.oracle.svm.core.jdk.Target_java_util_concurrent_CompletableFuture, BUILD_TIME, substitutions are always initialized
com.oracle.svm.core.jdk.Target_java_util_concurrent_CompletableFuture_ThreadPerTaskExecutor, BUILD_TIME, substitutions are always initialized
com.oracle.svm.core.jdk.Target_java_util_concurrent_ConcurrentHashMap, BUILD_TIME, substitutions are always initialized
com.oracle.svm.core.jdk.Target_java_util_concurrent_ConcurrentHashMap_EntrySetView, BUILD_TIME, substitutions are always initialized
com.oracle.svm.core.jdk.Target_java_util_concurrent_ConcurrentHashMap_KeySetView, BUILD_TIME, substitutions are always initialized
com.oracle.svm.core.jdk.Target_java_util_concurrent_ConcurrentHashMap_ValuesView, BUILD_TIME, substitutions are always initialized
com.oracle.svm.core.jdk.Target_java_util_concurrent_ConcurrentSkipListMap, BUILD_TIME, substitutions are always initialized
com.oracle.svm.core.jdk.Target_java_util_concurrent_ConcurrentSkipListMap_EntrySet, BUILD_TIME, substitutions are always initialized
com.oracle.svm.core.jdk.Target_java_util_concurrent_ConcurrentSkipListMap_KeySet, BUILD_TIME, substitutions are always initialized
com.oracle.svm.core.jdk.Target_java_util_concurrent_ConcurrentSkipListMap_SubMap, BUILD_TIME, substitutions are always initialized
com.oracle.svm.core.jdk.Target_java_util_concurrent_ConcurrentSkipListMap_Values, BUILD_TIME, substitutions are always initialized
com.oracle.svm.core.jdk.Target_java_util_concurrent_ForkJoinPool, BUILD_TIME, substitutions are always initialized
com.oracle.svm.core.jdk.Target_java_util_concurrent_ThreadLocalRandom, BUILD_TIME, substitutions are always initialized
com.oracle.svm.core.jdk.Target_java_util_concurrent_atomic_AtomicIntegerFieldUpdater_AtomicIntegerFieldUpdaterImpl, BUILD_TIME, substitutions are always initialized
com.oracle.svm.core.jdk.Target_java_util_concurrent_atomic_AtomicLongFieldUpdater_CASUpdater, BUILD_TIME, substitutions are always initialized
com.oracle.svm.core.jdk.Target_java_util_concurrent_atomic_AtomicLongFieldUpdater_LockedUpdater, BUILD_TIME, substitutions are always initialized
com.oracle.svm.core.jdk.Target_java_util_concurrent_atomic_AtomicReferenceFieldUpdater_AtomicReferenceFieldUpdaterImpl, BUILD_TIME, substitutions are always initialized
com.oracle.svm.core.jdk.Target_java_util_logging_LogManager, BUILD_TIME, substitutions are always initialized
com.oracle.svm.core.jdk.Target_java_util_logging_LogManager_Cleaner, BUILD_TIME, substitutions are always initialized
com.oracle.svm.core.jdk.Target_java_util_logging_SimpleFormatter, BUILD_TIME, substitutions are always initialized
com.oracle.svm.core.jdk.Target_java_util_zip_ZipFile_Source, BUILD_TIME, substitutions are always initialized
com.oracle.svm.core.jdk.Target_java_util_zip_ZipFile_Source_Key, BUILD_TIME, substitutions are always initialized
com.oracle.svm.core.jdk.Target_javax_crypto_CryptoAllPermission, BUILD_TIME, substitutions are always initialized
com.oracle.svm.core.jdk.Target_javax_crypto_JceSecurity, BUILD_TIME, substitutions are always initialized
com.oracle.svm.core.jdk.Target_javax_crypto_JceSecurityManager, BUILD_TIME, substitutions are always initialized
com.oracle.svm.core.jdk.Target_javax_crypto_JceSecurity_WeakIdentityWrapper, BUILD_TIME, substitutions are always initialized
com.oracle.svm.core.jdk.Target_javax_crypto_ProviderVerifier, BUILD_TIME, substitutions are always initialized
com.oracle.svm.core.jdk.Target_jdk_internal_access_JavaAWTAccess, BUILD_TIME, substitutions are always initialized
com.oracle.svm.core.jdk.Target_jdk_internal_access_JavaIOAccess, BUILD_TIME, substitutions are always initialized
com.oracle.svm.core.jdk.Target_jdk_internal_access_SharedSecrets, BUILD_TIME, substitutions are always initialized
com.oracle.svm.core.jdk.Target_jdk_internal_jrtfs_JrtFileSystemProvider_JRTDisabled, BUILD_TIME, substitutions are always initialized
com.oracle.svm.core.jdk.Target_jdk_internal_loader_BootLoader, BUILD_TIME, substitutions are always initialized
com.oracle.svm.core.jdk.Target_jdk_internal_loader_BuiltinClassLoader, BUILD_TIME, substitutions are always initialized
com.oracle.svm.core.jdk.Target_jdk_internal_loader_ClassLoaderHelper, BUILD_TIME, substitutions are always initialized
com.oracle.svm.core.jdk.Target_jdk_internal_loader_ClassLoaders, BUILD_TIME, substitutions are always initialized
com.oracle.svm.core.jdk.Target_jdk_internal_loader_Loader, BUILD_TIME, substitutions are always initialized
com.oracle.svm.core.jdk.Target_jdk_internal_loader_Loader_LoadedModule, BUILD_TIME, substitutions are always initialized
com.oracle.svm.core.jdk.Target_jdk_internal_loader_NativeLibraries, BUILD_TIME, substitutions are always initialized
com.oracle.svm.core.jdk.Target_jdk_internal_loader_NativeLibraries_NativeLibraryImpl, BUILD_TIME, substitutions are always initialized
com.oracle.svm.core.jdk.Target_jdk_internal_loader_NativeLibrary, BUILD_TIME, substitutions are always initialized
com.oracle.svm.core.jdk.Target_jdk_internal_loader_URLClassPath, BUILD_TIME, substitutions are always initialized
com.oracle.svm.core.jdk.Target_jdk_internal_misc_Unsafe_Core, BUILD_TIME, substitutions are always initialized
com.oracle.svm.core.jdk.Target_jdk_internal_misc_VM, BUILD_TIME, substitutions are always initialized
com.oracle.svm.core.jdk.Target_jdk_internal_module_SystemModuleFinders_SystemImage_JRTDisabled, BUILD_TIME, substitutions are always initialized
com.oracle.svm.core.jdk.Target_jdk_internal_reflect_Reflection, BUILD_TIME, substitutions are always initialized
com.oracle.svm.core.jdk.Target_jdk_internal_util_StaticProperty, BUILD_TIME, substitutions are always initialized
com.oracle.svm.core.jdk.Target_jdk_internal_util_random_RandomSupport, BUILD_TIME, substitutions are always initialized
com.oracle.svm.core.jdk.Target_jdk_nio_zipfs_ZipFileSystemProvider, BUILD_TIME, substitutions are always initialized
com.oracle.svm.core.jdk.Target_jdk_vm_ci_services_Services, BUILD_TIME, substitutions are always initialized
com.oracle.svm.core.jdk.Target_sun_misc_Unsafe, BUILD_TIME, substitutions are always initialized
com.oracle.svm.core.jdk.Target_sun_net_spi_DefaultProxySelector, BUILD_TIME, substitutions are always initialized
com.oracle.svm.core.jdk.Target_sun_net_www_protocol_jrt_Handler_JRTDisabled, BUILD_TIME, substitutions are always initialized
com.oracle.svm.core.jdk.Target_sun_nio_ch_UnixDomainSockets, BUILD_TIME, substitutions are always initialized
com.oracle.svm.core.jdk.Target_sun_nio_ch_Util_JDK19OrLater, BUILD_TIME, substitutions are always initialized
com.oracle.svm.core.jdk.Target_sun_nio_fs_UnixFileSystem, BUILD_TIME, substitutions are always initialized
com.oracle.svm.core.jdk.Target_sun_nio_fs_UnixFileSystemProvider, BUILD_TIME, substitutions are always initialized
com.oracle.svm.core.jdk.Target_sun_nio_fs_UnixPath, BUILD_TIME, substitutions are always initialized
com.oracle.svm.core.jdk.Target_sun_reflect_misc_MethodUtil, BUILD_TIME, substitutions are always initialized
com.oracle.svm.core.jdk.Target_sun_rmi_transport_GC, BUILD_TIME, substitutions are always initialized
com.oracle.svm.core.jdk.Target_sun_security_jca_ProviderConfig, BUILD_TIME, substitutions are always initialized
com.oracle.svm.core.jdk.Target_sun_security_jca_ProviderConfig_ProviderLoader, BUILD_TIME, substitutions are always initialized
com.oracle.svm.core.jdk.Target_sun_security_jca_Providers, BUILD_TIME, substitutions are always initialized
com.oracle.svm.core.jdk.Target_sun_security_provider_PolicyFile, BUILD_TIME, substitutions are always initialized
com.oracle.svm.core.jdk.Target_sun_security_provider_PolicySpiFile, BUILD_TIME, substitutions are always initialized
com.oracle.svm.core.jdk.Target_sun_security_ssl_TrustStoreManager, BUILD_TIME, substitutions are always initialized
com.oracle.svm.core.jdk.Target_sun_security_ssl_TrustStoreManager_TrustAnchorManager, BUILD_TIME, substitutions are always initialized
com.oracle.svm.core.jdk.Target_sun_security_ssl_TrustStoreManager_TrustStoreDescriptor, BUILD_TIME, substitutions are always initialized
com.oracle.svm.core.jdk.Target_sun_util_calendar_CalendarSystem, BUILD_TIME, substitutions are always initialized
com.oracle.svm.core.jdk.localization.substitutions.Target_java_nio_charset_Charset, BUILD_TIME, substitutions are always initialized
com.oracle.svm.core.jdk.localization.substitutions.Target_java_text_BreakIterator, BUILD_TIME, substitutions are always initialized
com.oracle.svm.core.jdk.localization.substitutions.Target_java_text_DateFormatSymbols, BUILD_TIME, substitutions are always initialized
com.oracle.svm.core.jdk.localization.substitutions.Target_java_util_ListResourceBundle_SubstituteLoadLookup, BUILD_TIME, substitutions are always initialized
com.oracle.svm.core.jdk.localization.substitutions.Target_java_util_Locale, BUILD_TIME, substitutions are always initialized
com.oracle.svm.core.jdk.localization.substitutions.Target_java_util_ResourceBundle, BUILD_TIME, substitutions are always initialized
com.oracle.svm.core.jdk.localization.substitutions.Target_java_util_ResourceBundle_Control, BUILD_TIME, substitutions are always initialized
com.oracle.svm.core.jdk.localization.substitutions.Target_sun_util_locale_provider_JRELocaleProviderAdapter, BUILD_TIME, substitutions are always initialized
com.oracle.svm.core.jdk.localization.substitutions.Target_sun_util_locale_provider_LocaleResources, BUILD_TIME, substitutions are always initialized
com.oracle.svm.core.jdk.localization.substitutions.Target_sun_util_locale_provider_LocaleServiceProviderPool_JvmLocaleMode, BUILD_TIME, substitutions are always initialized
com.oracle.svm.core.jdk.localization.substitutions.Target_sun_util_locale_provider_TimeZoneNameUtility, BUILD_TIME, substitutions are always initialized
com.oracle.svm.core.jdk.localization.substitutions.Target_sun_util_resources_Bundles, BUILD_TIME, substitutions are always initialized
com.oracle.svm.core.jdk.localization.substitutions.Target_sun_util_resources_OpenListResourceBundle_SubstituteLoadLookup, BUILD_TIME, substitutions are always initialized
com.oracle.svm.core.jdk.localization.substitutions.Target_sun_util_resources_ParallelListResourceBundle_SubstituteLoadLookup, BUILD_TIME, substitutions are always initialized
com.oracle.svm.core.jdk.management.Target_com_sun_management_internal_OperatingSystemImpl, BUILD_TIME, substitutions are always initialized
com.oracle.svm.core.jdk.management.Target_java_lang_management_ManagementFactory, BUILD_TIME, substitutions are always initialized
com.oracle.svm.core.jdk.management.Target_javax_management_remote_JMXConnectorFactory, BUILD_TIME, substitutions are always initialized
com.oracle.svm.core.jdk.management.Target_jdk_internal_agent_Agent, BUILD_TIME, substitutions are always initialized
com.oracle.svm.core.jdk.management.Target_jdk_internal_vm_VMSupport, BUILD_TIME, substitutions are always initialized
com.oracle.svm.core.jdk.management.Target_jdk_management_jfr_FlightRecorderMXBeanImpl, BUILD_TIME, substitutions are always initialized
com.oracle.svm.core.jdk.management.Target_sun_management_BaseOperatingSystemImpl, BUILD_TIME, substitutions are always initialized
com.oracle.svm.core.jdk.management.Target_sun_management_ManagementFactoryHelper, BUILD_TIME, substitutions are always initialized
com.oracle.svm.core.jdk.proxy.Target_java_lang_reflect_Proxy, BUILD_TIME, substitutions are always initialized
com.oracle.svm.core.jdk.proxy.Target_jdk_internal_loader_ClassLoaderValue, BUILD_TIME, substitutions are always initialized
com.oracle.svm.core.jdk.resources.Target_jdk_nio_zipfs_ZipUtils, BUILD_TIME, substitutions are always initialized
com.oracle.svm.core.jfr.JfrBuffer, BUILD_TIME, classes annotated with RawStructure are always initialized at image build time
com.oracle.svm.core.jfr.JfrBufferNode, BUILD_TIME, classes annotated with RawStructure are always initialized at image build time
com.oracle.svm.core.jfr.JfrNativeEventWriterData, BUILD_TIME, classes annotated with RawStructure are always initialized at image build time
com.oracle.svm.core.jfr.JfrStackTraceRepository$JfrStackTraceTableEntry, BUILD_TIME, classes annotated with RawStructure are always initialized at image build time
com.oracle.svm.core.jfr.JfrSymbolRepository$JfrSymbol, BUILD_TIME, classes annotated with RawStructure are always initialized at image build time
com.oracle.svm.core.jfr.utils.JfrVisited, BUILD_TIME, classes annotated with RawStructure are always initialized at image build time
com.oracle.svm.core.jni.functions.JNIFunctions$Target_java_nio_Buffer, BUILD_TIME, substitutions are always initialized
com.oracle.svm.core.jni.headers.JNIArrayReleaseModes, BUILD_TIME, classes annotated with CConstant are always initialized at image build time and classes annotated with CContext are always initialized at image build time
com.oracle.svm.core.jni.headers.JNIEnvironment, BUILD_TIME, classes annotated with CStruct are always initialized at image build time and classes annotated with CContext are always initialized at image build time
com.oracle.svm.core.jni.headers.JNIEnvironmentPointer, BUILD_TIME, classes annotated with CPointerTo are always initialized at image build time
com.oracle.svm.core.jni.headers.JNIErrors, BUILD_TIME, classes annotated with CConstant are always initialized at image build time and classes annotated with CContext are always initialized at image build time
com.oracle.svm.core.jni.headers.JNIFieldId, BUILD_TIME, classes annotated with CStruct are always initialized at image build time and classes annotated with CContext are always initialized at image build time
com.oracle.svm.core.jni.headers.JNIHeaderDirectives, BUILD_TIME, super type of com.oracle.svm.core.jni.headers.JNIHeaderDirectivesJDK20OrLater and super type of com.oracle.svm.core.jni.headers.JNIHeaderDirectivesJDK21OrLater and super type of com.oracle.svm.core.jni.headers.JNIHeaderDirectivesJDK19OrLater and CContext.Directives must be eagerly initialized
com.oracle.svm.core.jni.headers.JNIHeaderDirectivesJDK19OrLater, BUILD_TIME, CContext.Directives must be eagerly initialized
com.oracle.svm.core.jni.headers.JNIHeaderDirectivesJDK20OrLater, BUILD_TIME, CContext.Directives must be eagerly initialized
com.oracle.svm.core.jni.headers.JNIHeaderDirectivesJDK21OrLater, BUILD_TIME, CContext.Directives must be eagerly initialized
com.oracle.svm.core.jni.headers.JNIInvokeInterface, BUILD_TIME, classes annotated with CStruct are always initialized at image build time and classes annotated with CContext are always initialized at image build time
com.oracle.svm.core.jni.headers.JNIJavaVM, BUILD_TIME, classes annotated with CStruct are always initialized at image build time and classes annotated with CContext are always initialized at image build time
com.oracle.svm.core.jni.headers.JNIJavaVMAttachArgs, BUILD_TIME, classes annotated with CStruct are always initialized at image build time and classes annotated with CContext are always initialized at image build time
com.oracle.svm.core.jni.headers.JNIJavaVMInitArgs, BUILD_TIME, classes annotated with CStruct are always initialized at image build time and classes annotated with CContext are always initialized at image build time
com.oracle.svm.core.jni.headers.JNIJavaVMOption, BUILD_TIME, classes annotated with CStruct are always initialized at image build time and classes annotated with CContext are always initialized at image build time
com.oracle.svm.core.jni.headers.JNIJavaVMPointer, BUILD_TIME, classes annotated with CPointerTo are always initialized at image build time
com.oracle.svm.core.jni.headers.JNIMethodId, BUILD_TIME, classes annotated with CStruct are always initialized at image build time and classes annotated with CContext are always initialized at image build time
com.oracle.svm.core.jni.headers.JNIMode, BUILD_TIME, classes annotated with CConstant are always initialized at image build time and classes annotated with CContext are always initialized at image build time
com.oracle.svm.core.jni.headers.JNINativeInterface, BUILD_TIME, classes annotated with CStruct are always initialized at image build time and classes annotated with CContext are always initialized at image build time
com.oracle.svm.core.jni.headers.JNINativeInterfaceJDK19OrLater, BUILD_TIME, classes annotated with CStruct are always initialized at image build time and classes annotated with CContext are always initialized at image build time
com.oracle.svm.core.jni.headers.JNINativeMethod, BUILD_TIME, classes annotated with CStruct are always initialized at image build time and classes annotated with CContext are always initialized at image build time
com.oracle.svm.core.jni.headers.JNIObjectRefType, BUILD_TIME, classes annotated with CEnum are always initialized at image build time and classes annotated with CContext are always initialized at image build time
com.oracle.svm.core.jni.headers.JNIValue, BUILD_TIME, classes annotated with CStruct are always initialized at image build time and classes annotated with CContext are always initialized at image build time
com.oracle.svm.core.jni.headers.JNIVersion, BUILD_TIME, classes annotated with CConstant are always initialized at image build time and classes annotated with CContext are always initialized at image build time
com.oracle.svm.core.jni.headers.JNIVersionJDK19OrLater, BUILD_TIME, classes annotated with CConstant are always initialized at image build time and classes annotated with CContext are always initialized at image build time
com.oracle.svm.core.jni.headers.JNIVersionJDK20OrLater, BUILD_TIME, classes annotated with CConstant are always initialized at image build time and classes annotated with CContext are always initialized at image build time
com.oracle.svm.core.jni.headers.JNIVersionJDK21OrLater, BUILD_TIME, classes annotated with CConstant are always initialized at image build time and classes annotated with CContext are always initialized at image build time
com.oracle.svm.core.jvmstat.Target_jdk_internal_perf_Perf, BUILD_TIME, substitutions are always initialized
com.oracle.svm.core.jvmstat.Target_jdk_internal_perf_PerfCounter, BUILD_TIME, substitutions are always initialized
com.oracle.svm.core.methodhandles.Target_java_lang_invoke_BoundMethodHandle, BUILD_TIME, substitutions are always initialized
com.oracle.svm.core.methodhandles.Target_java_lang_invoke_BoundMethodHandle_Specializer, BUILD_TIME, substitutions are always initialized
com.oracle.svm.core.methodhandles.Target_java_lang_invoke_BoundMethodHandle_SpeciesData, BUILD_TIME, substitutions are always initialized
com.oracle.svm.core.methodhandles.Target_java_lang_invoke_BoundMethodHandle_Species_L, BUILD_TIME, substitutions are always initialized
com.oracle.svm.core.methodhandles.Target_java_lang_invoke_ClassSpecializer, BUILD_TIME, substitutions are always initialized
com.oracle.svm.core.methodhandles.Target_java_lang_invoke_ClassSpecializer_Factory, BUILD_TIME, substitutions are always initialized
com.oracle.svm.core.methodhandles.Target_java_lang_invoke_ClassSpecializer_SpeciesData, BUILD_TIME, substitutions are always initialized
com.oracle.svm.core.methodhandles.Target_java_lang_invoke_DelegatingMethodHandle, BUILD_TIME, substitutions are always initialized
com.oracle.svm.core.methodhandles.Target_java_lang_invoke_DirectMethodHandle, BUILD_TIME, substitutions are always initialized
com.oracle.svm.core.methodhandles.Target_java_lang_invoke_InvokerBytecodeGenerator, BUILD_TIME, substitutions are always initialized
com.oracle.svm.core.methodhandles.Target_java_lang_invoke_Invokers, BUILD_TIME, substitutions are always initialized
com.oracle.svm.core.methodhandles.Target_java_lang_invoke_LambdaForm, BUILD_TIME, substitutions are always initialized
com.oracle.svm.core.methodhandles.Target_java_lang_invoke_LambdaForm_NamedFunction, BUILD_TIME, substitutions are always initialized
com.oracle.svm.core.methodhandles.Target_java_lang_invoke_MethodHandle, BUILD_TIME, substitutions are always initialized
com.oracle.svm.core.methodhandles.Target_java_lang_invoke_MethodHandleImpl, BUILD_TIME, substitutions are always initialized
com.oracle.svm.core.methodhandles.Target_java_lang_invoke_MethodHandleImpl_ArrayAccessor, BUILD_TIME, substitutions are always initialized
com.oracle.svm.core.methodhandles.Target_java_lang_invoke_MethodHandleImpl_IntrinsicMethodHandle, BUILD_TIME, substitutions are always initialized
com.oracle.svm.core.methodhandles.Target_java_lang_invoke_MethodHandleNatives, BUILD_TIME, substitutions are always initialized
com.oracle.svm.core.methodhandles.Target_java_lang_invoke_MethodHandleNatives_CallSiteContext, BUILD_TIME, substitutions are always initialized
com.oracle.svm.core.methodhandles.Target_java_lang_invoke_MethodHandleNatives_Constants, BUILD_TIME, substitutions are always initialized
com.oracle.svm.core.methodhandles.Target_java_lang_invoke_MethodHandleStatics, BUILD_TIME, substitutions are always initialized
com.oracle.svm.core.methodhandles.Target_java_lang_invoke_MethodHandles_Lookup, BUILD_TIME, substitutions are always initialized
com.oracle.svm.core.methodhandles.Target_java_lang_invoke_MethodType, BUILD_TIME, substitutions are always initialized
com.oracle.svm.core.methodhandles.Target_java_lang_invoke_MethodTypeForm, BUILD_TIME, substitutions are always initialized
com.oracle.svm.core.methodhandles.Target_java_lang_invoke_SimpleMethodHandle, BUILD_TIME, substitutions are always initialized
com.oracle.svm.core.methodhandles.Target_java_lang_invoke_VarHandle, BUILD_TIME, substitutions are always initialized
com.oracle.svm.core.methodhandles.Target_java_lang_invoke_VarHandle_AccessDescriptor, BUILD_TIME, substitutions are always initialized
com.oracle.svm.core.monitor.Target_jdk_internal_misc_Blocker, BUILD_TIME, substitutions are always initialized
com.oracle.svm.core.option.Target_org_graalvm_compiler_options_OptionKey, BUILD_TIME, substitutions are always initialized
com.oracle.svm.core.os.BufferedFileOperationSupport$BufferedFile, BUILD_TIME, classes annotated with RawStructure are always initialized at image build time
com.oracle.svm.core.posix.PosixStat, BUILD_TIME, classes annotated with CConstant are always initialized at image build time and classes annotated with CContext are always initialized at image build time
com.oracle.svm.core.posix.PosixUtils$Target_java_io_FileDescriptor, BUILD_TIME, substitutions are always initialized
com.oracle.svm.core.posix.PosixUtils$Target_java_lang_ProcessImpl, BUILD_TIME, substitutions are always initialized
com.oracle.svm.core.posix.Target_java_io_UnixFileSystem_JNI, BUILD_TIME, substitutions are always initialized
com.oracle.svm.core.posix.Target_java_lang_System_Posix, BUILD_TIME, substitutions are always initialized
com.oracle.svm.core.posix.Target_jdk_internal_misc_Signal, BUILD_TIME, substitutions are always initialized
com.oracle.svm.core.posix.Target_jdk_internal_misc_VM, BUILD_TIME, substitutions are always initialized
com.oracle.svm.core.posix.darwin.Target_java_lang_System_Darwin, BUILD_TIME, substitutions are always initialized
com.oracle.svm.core.posix.headers.CSunMiscSignal, BUILD_TIME, classes annotated with CContext are always initialized at image build time
com.oracle.svm.core.posix.headers.Dirent, BUILD_TIME, classes annotated with CContext are always initialized at image build time
com.oracle.svm.core.posix.headers.Dirent$dirent, BUILD_TIME, classes annotated with CStruct are always initialized at image build time
com.oracle.svm.core.posix.headers.Dlfcn, BUILD_TIME, classes annotated with CConstant are always initialized at image build time and classes annotated with CContext are always initialized at image build time
com.oracle.svm.core.posix.headers.Dlfcn$Dl_info, BUILD_TIME, classes annotated with CStruct are always initialized at image build time
com.oracle.svm.core.posix.headers.Errno, BUILD_TIME, classes annotated with CConstant are always initialized at image build time and classes annotated with CContext are always initialized at image build time
com.oracle.svm.core.posix.headers.Fcntl, BUILD_TIME, classes annotated with CConstant are always initialized at image build time and classes annotated with CContext are always initialized at image build time
com.oracle.svm.core.posix.headers.Limits, BUILD_TIME, classes annotated with CConstant are always initialized at image build time and classes annotated with CContext are always initialized at image build time
com.oracle.svm.core.posix.headers.Locale, BUILD_TIME, classes annotated with CConstant are always initialized at image build time and classes annotated with CContext are always initialized at image build time
com.oracle.svm.core.posix.headers.Mman, BUILD_TIME, classes annotated with CConstant are always initialized at image build time and classes annotated with CContext are always initialized at image build time
com.oracle.svm.core.posix.headers.PosixDirectives, BUILD_TIME, CContext.Directives must be eagerly initialized
com.oracle.svm.core.posix.headers.Pthread, BUILD_TIME, classes annotated with CConstant are always initialized at image build time and classes annotated with CContext are always initialized at image build time
com.oracle.svm.core.posix.headers.Pthread$pthread_attr_t, BUILD_TIME, classes annotated with CStruct are always initialized at image build time
com.oracle.svm.core.posix.headers.Pthread$pthread_cond_t, BUILD_TIME, classes annotated with CStruct are always initialized at image build time
com.oracle.svm.core.posix.headers.Pthread$pthread_condattr_t, BUILD_TIME, classes annotated with CStruct are always initialized at image build time
com.oracle.svm.core.posix.headers.Pthread$pthread_key_tPointer, BUILD_TIME, classes annotated with CPointerTo are always initialized at image build time
com.oracle.svm.core.posix.headers.Pthread$pthread_mutex_t, BUILD_TIME, classes annotated with CStruct are always initialized at image build time
com.oracle.svm.core.posix.headers.Pthread$pthread_tPointer, BUILD_TIME, classes annotated with CPointerTo are always initialized at image build time
com.oracle.svm.core.posix.headers.Pwd, BUILD_TIME, classes annotated with CContext are always initialized at image build time
com.oracle.svm.core.posix.headers.Pwd$passwd, BUILD_TIME, classes annotated with CStruct are always initialized at image build time
com.oracle.svm.core.posix.headers.Pwd$passwdPointer, BUILD_TIME, classes annotated with CPointerTo are always initialized at image build time
com.oracle.svm.core.posix.headers.Resource, BUILD_TIME, classes annotated with CConstant are always initialized at image build time and classes annotated with CContext are always initialized at image build time
com.oracle.svm.core.posix.headers.Resource$rlimit, BUILD_TIME, classes annotated with CStruct are always initialized at image build time
com.oracle.svm.core.posix.headers.Sched, BUILD_TIME, classes annotated with CContext are always initialized at image build time
com.oracle.svm.core.posix.headers.Semaphore, BUILD_TIME, classes annotated with CContext are always initialized at image build time
com.oracle.svm.core.posix.headers.Semaphore$sem_t, BUILD_TIME, classes annotated with CStruct are always initialized at image build time
com.oracle.svm.core.posix.headers.Signal, BUILD_TIME, classes annotated with CConstant are always initialized at image build time and classes annotated with CContext are always initialized at image build time
com.oracle.svm.core.posix.headers.Signal$AArch64DarwinMContext64, BUILD_TIME, classes annotated with CStruct are always initialized at image build time
com.oracle.svm.core.posix.headers.Signal$DarwinSignalEnum, BUILD_TIME, classes annotated with CEnum are always initialized at image build time and classes annotated with CContext are always initialized at image build time
com.oracle.svm.core.posix.headers.Signal$GregsPointer, BUILD_TIME, classes annotated with CPointerTo are always initialized at image build time
com.oracle.svm.core.posix.headers.Signal$SignalEnum, BUILD_TIME, classes annotated with CEnum are always initialized at image build time and classes annotated with CContext are always initialized at image build time
com.oracle.svm.core.posix.headers.Signal$sigaction, BUILD_TIME, classes annotated with CStruct are always initialized at image build time
com.oracle.svm.core.posix.headers.Signal$siginfo_t, BUILD_TIME, classes annotated with CStruct are always initialized at image build time
com.oracle.svm.core.posix.headers.Signal$sigset_tPointer, BUILD_TIME, classes annotated with CPointerTo are always initialized at image build time
com.oracle.svm.core.posix.headers.Signal$ucontext_t, BUILD_TIME, classes annotated with CStruct are always initialized at image build time
com.oracle.svm.core.posix.headers.Stdlib, BUILD_TIME, classes annotated with CContext are always initialized at image build time
com.oracle.svm.core.posix.headers.Sysctl, BUILD_TIME, classes annotated with CContext are always initialized at image build time
com.oracle.svm.core.posix.headers.Time, BUILD_TIME, classes annotated with CConstant are always initialized at image build time and classes annotated with CContext are always initialized at image build time
com.oracle.svm.core.posix.headers.Time$TimerTypeEnum, BUILD_TIME, classes annotated with CEnum are always initialized at image build time and classes annotated with CContext are always initialized at image build time
com.oracle.svm.core.posix.headers.Time$itimerval, BUILD_TIME, classes annotated with CStruct are always initialized at image build time
com.oracle.svm.core.posix.headers.Time$timespec, BUILD_TIME, classes annotated with CStruct are always initialized at image build time
com.oracle.svm.core.posix.headers.Time$timeval, BUILD_TIME, classes annotated with CStruct are always initialized at image build time
com.oracle.svm.core.posix.headers.Time$tm, BUILD_TIME, classes annotated with CStruct are always initialized at image build time
com.oracle.svm.core.posix.headers.Times, BUILD_TIME, classes annotated with CContext are always initialized at image build time
com.oracle.svm.core.posix.headers.Times$tms, BUILD_TIME, classes annotated with CStruct are always initialized at image build time
com.oracle.svm.core.posix.headers.Unistd, BUILD_TIME, classes annotated with CConstant are always initialized at image build time and classes annotated with CContext are always initialized at image build time
com.oracle.svm.core.posix.headers.Utsname, BUILD_TIME, classes annotated with CContext are always initialized at image build time
com.oracle.svm.core.posix.headers.Utsname$utsname, BUILD_TIME, classes annotated with CStruct are always initialized at image build time
com.oracle.svm.core.posix.headers.Wait, BUILD_TIME, classes annotated with CContext are always initialized at image build time
com.oracle.svm.core.posix.headers.darwin.DarwinDyld, BUILD_TIME, classes annotated with CContext are always initialized at image build time
com.oracle.svm.core.posix.headers.darwin.DarwinPthread, BUILD_TIME, classes annotated with CContext are always initialized at image build time
com.oracle.svm.core.posix.headers.darwin.DarwinStat, BUILD_TIME, classes annotated with CContext are always initialized at image build time
com.oracle.svm.core.posix.headers.darwin.DarwinStat$stat, BUILD_TIME, classes annotated with CStruct are always initialized at image build time
com.oracle.svm.core.posix.headers.darwin.DarwinSysctl, BUILD_TIME, classes annotated with CConstant are always initialized at image build time and classes annotated with CContext are always initialized at image build time
com.oracle.svm.core.posix.headers.darwin.DarwinSyslimits, BUILD_TIME, classes annotated with CConstant are always initialized at image build time and classes annotated with CContext are always initialized at image build time
com.oracle.svm.core.posix.headers.darwin.DarwinThreadInfo, BUILD_TIME, classes annotated with CConstant are always initialized at image build time and classes annotated with CContext are always initialized at image build time
com.oracle.svm.core.posix.headers.darwin.DarwinThreadInfo$thread_basic_info_data_t, BUILD_TIME, classes annotated with CStruct are always initialized at image build time
com.oracle.svm.core.posix.headers.darwin.DarwinThreadInfo$time_value_t, BUILD_TIME, classes annotated with CStruct are always initialized at image build time
com.oracle.svm.core.posix.headers.darwin.DarwinTime, BUILD_TIME, classes annotated with CContext are always initialized at image build time
com.oracle.svm.core.posix.headers.darwin.DarwinTime$MachTimebaseInfo, BUILD_TIME, classes annotated with CStruct are always initialized at image build time
com.oracle.svm.core.posix.headers.darwin.DarwinVirtualMemory, BUILD_TIME, classes annotated with CConstant are always initialized at image build time and classes annotated with CContext are always initialized at image build time
com.oracle.svm.core.posix.headers.darwin.DarwinVirtualMemory$vm_region_basic_info_data_64_t, BUILD_TIME, classes annotated with CStruct are always initialized at image build time
com.oracle.svm.core.posix.headers.darwin.Foundation, BUILD_TIME, classes annotated with CContext are always initialized at image build time
com.oracle.svm.core.posix.headers.darwin.Foundation$NSOperatingSystemVersion, BUILD_TIME, classes annotated with CStruct are always initialized at image build time
com.oracle.svm.core.posix.jvmstat.Target_jdk_internal_vm_VMSupport, BUILD_TIME, substitutions are always initialized
com.oracle.svm.core.posix.thread.Target_java_lang_Thread, BUILD_TIME, substitutions are always initialized
com.oracle.svm.core.reflect.Target_java_lang_reflect_RecordComponent, BUILD_TIME, substitutions are always initialized
com.oracle.svm.core.reflect.Target_jdk_internal_reflect_ConstantPool, BUILD_TIME, substitutions are always initialized
com.oracle.svm.core.reflect.Target_jdk_internal_reflect_ConstantPool_Tag, BUILD_TIME, substitutions are always initialized
com.oracle.svm.core.reflect.target.Target_java_lang_reflect_AccessibleObject, BUILD_TIME, substitutions are always initialized
com.oracle.svm.core.reflect.target.Target_java_lang_reflect_Constructor, BUILD_TIME, substitutions are always initialized
com.oracle.svm.core.reflect.target.Target_java_lang_reflect_Executable, BUILD_TIME, substitutions are always initialized
com.oracle.svm.core.reflect.target.Target_java_lang_reflect_Executable_ParameterData, BUILD_TIME, substitutions are always initialized
com.oracle.svm.core.reflect.target.Target_java_lang_reflect_Field, BUILD_TIME, substitutions are always initialized
com.oracle.svm.core.reflect.target.Target_java_lang_reflect_Method, BUILD_TIME, substitutions are always initialized
com.oracle.svm.core.reflect.target.Target_java_lang_reflect_Parameter, BUILD_TIME, substitutions are always initialized
com.oracle.svm.core.reflect.target.Target_java_lang_reflect_ReflectAccess, BUILD_TIME, substitutions are always initialized
com.oracle.svm.core.reflect.target.Target_jdk_internal_misc_Unsafe_Reflection, BUILD_TIME, substitutions are always initialized
com.oracle.svm.core.reflect.target.Target_jdk_internal_reflect_AccessorGenerator, BUILD_TIME, substitutions are always initialized
com.oracle.svm.core.reflect.target.Target_jdk_internal_reflect_ConstructorAccessor, BUILD_TIME, substitutions are always initialized
com.oracle.svm.core.reflect.target.Target_jdk_internal_reflect_FieldAccessor, BUILD_TIME, substitutions are always initialized
com.oracle.svm.core.reflect.target.Target_jdk_internal_reflect_MethodAccessor, BUILD_TIME, substitutions are always initialized
com.oracle.svm.core.reflect.target.Target_jdk_internal_reflect_MethodHandleFieldAccessorImpl, BUILD_TIME, substitutions are always initialized
com.oracle.svm.core.reflect.target.Target_jdk_internal_reflect_SerializationConstructorAccessorGenerator, BUILD_TIME, substitutions are always initialized
com.oracle.svm.core.reflect.target.Target_jdk_internal_reflect_SerializationConstructorAccessorImpl, BUILD_TIME, substitutions are always initialized
com.oracle.svm.core.reflect.target.Target_sun_reflect_annotation_AnnotationInvocationHandler, BUILD_TIME, substitutions are always initialized
com.oracle.svm.core.reflect.target.Target_sun_reflect_annotation_AnnotationParser, BUILD_TIME, substitutions are always initialized
com.oracle.svm.core.reflect.target.Target_sun_reflect_annotation_AnnotationTypeMismatchExceptionProxy, BUILD_TIME, substitutions are always initialized
com.oracle.svm.core.riscv64.RISCV64LibCHelper$CPUFeatures, BUILD_TIME, classes annotated with CStruct are always initialized at image build time and classes annotated with CContext are always initialized at image build time
com.oracle.svm.core.riscv64.RISCV64LibCHelperDirectives, BUILD_TIME, CContext.Directives must be eagerly initialized
com.oracle.svm.core.sampler.SamplerBuffer, BUILD_TIME, classes annotated with RawStructure are always initialized at image build time
com.oracle.svm.core.sampler.SamplerSampleWriterData, BUILD_TIME, classes annotated with RawStructure are always initialized at image build time
com.oracle.svm.core.stack.JavaFrameAnchor, BUILD_TIME, classes annotated with RawStructure are always initialized at image build time
com.oracle.svm.core.stack.JavaStackWalk, BUILD_TIME, classes annotated with RawStructure are always initialized at image build time
com.oracle.svm.core.thread.NativeVMOperationData, BUILD_TIME, classes annotated with RawStructure are always initialized at image build time
com.oracle.svm.core.thread.PlatformThreads$OSThreadHandle, BUILD_TIME, classes annotated with RawStructure are always initialized at image build time
com.oracle.svm.core.thread.PlatformThreads$OSThreadHandlePointer, BUILD_TIME, classes annotated with RawPointerTo are always initialized at image build time
com.oracle.svm.core.thread.PlatformThreads$ThreadStartData, BUILD_TIME, classes annotated with RawStructure are always initialized at image build time
com.oracle.svm.core.thread.Target_java_lang_BaseVirtualThread, BUILD_TIME, substitutions are always initialized
com.oracle.svm.core.thread.Target_java_lang_ScopedValue, BUILD_TIME, substitutions are always initialized
com.oracle.svm.core.thread.Target_java_lang_ScopedValue_Cache, BUILD_TIME, substitutions are always initialized
com.oracle.svm.core.thread.Target_java_lang_ScopedValue_Carrier, BUILD_TIME, substitutions are always initialized
com.oracle.svm.core.thread.Target_java_lang_ScopedValue_Snapshot, BUILD_TIME, substitutions are always initialized
com.oracle.svm.core.thread.Target_java_lang_Thread, BUILD_TIME, substitutions are always initialized
com.oracle.svm.core.thread.Target_java_lang_ThreadGroup, BUILD_TIME, substitutions are always initialized
com.oracle.svm.core.thread.Target_java_lang_ThreadLocal, BUILD_TIME, substitutions are always initialized
com.oracle.svm.core.thread.Target_java_lang_ThreadLocal_ThreadLocalMap, BUILD_TIME, substitutions are always initialized
com.oracle.svm.core.thread.Target_java_lang_Thread_Builder, BUILD_TIME, substitutions are always initialized
com.oracle.svm.core.thread.Target_java_lang_Thread_Constants, BUILD_TIME, substitutions are always initialized
com.oracle.svm.core.thread.Target_java_lang_Thread_FieldHolder, BUILD_TIME, substitutions are always initialized
com.oracle.svm.core.thread.Target_java_lang_Thread_ThreadIdentifiers, BUILD_TIME, substitutions are always initialized
com.oracle.svm.core.thread.Target_java_lang_VirtualThread, BUILD_TIME, substitutions are always initialized
com.oracle.svm.core.thread.Target_java_util_concurrent_ForkJoinWorkerThread, BUILD_TIME, substitutions are always initialized
com.oracle.svm.core.thread.Target_java_util_concurrent_ThreadPoolExecutor_Worker, BUILD_TIME, substitutions are always initialized
com.oracle.svm.core.thread.Target_jdk_internal_event_ThreadSleepEvent, BUILD_TIME, substitutions are always initialized
com.oracle.svm.core.thread.Target_jdk_internal_misc_PreviewFeatures, BUILD_TIME, substitutions are always initialized
com.oracle.svm.core.thread.Target_jdk_internal_misc_Unsafe_JavaThreads, BUILD_TIME, substitutions are always initialized
com.oracle.svm.core.thread.Target_jdk_internal_vm_Continuation, BUILD_TIME, substitutions are always initialized
com.oracle.svm.core.thread.Target_jdk_internal_vm_ContinuationScope, BUILD_TIME, substitutions are always initialized
com.oracle.svm.core.thread.Target_jdk_internal_vm_ScopedValueContainer, BUILD_TIME, substitutions are always initialized
com.oracle.svm.core.thread.Target_jdk_internal_vm_ThreadContainer, BUILD_TIME, substitutions are always initialized
com.oracle.svm.core.thread.Target_jdk_internal_vm_ThreadContainers, BUILD_TIME, substitutions are always initialized
com.oracle.svm.core.thread.Target_sun_nio_ch_Interruptible, BUILD_TIME, substitutions are always initialized
com.oracle.svm.core.util.Target_com_oracle_svm_core_util_Counter, BUILD_TIME, substitutions are always initialized
com.oracle.svm.core.util.coder.ByteStream, BUILD_TIME, classes annotated with RawStructure are always initialized at image build time
com.oracle.svm.graal.isolated.CodeInstallInfo, BUILD_TIME, classes annotated with RawStructure are always initialized at image build time
com.oracle.svm.graal.isolated.ConstantData, BUILD_TIME, classes annotated with RawStructure are always initialized at image build time
com.oracle.svm.graal.isolated.ForeignIsolateReferenceAdjusterData, BUILD_TIME, classes annotated with RawStructure are always initialized at image build time
com.oracle.svm.graal.meta.Target_java_lang_Integer_IntegerCache, BUILD_TIME, substitutions are always initialized
com.oracle.svm.graal.substitutions.Target_org_graalvm_compiler_printer_NoDeadCodeVerifyHandler, BUILD_TIME, substitutions are always initialized
com.oracle.svm.hosted.c.BuiltinDirectives, BUILD_TIME, CContext.Directives must be eagerly initialized
com.oracle.svm.hosted.c.DirectivesExtension, BUILD_TIME, super type of com.oracle.svm.hosted.c.BuiltinDirectives
com.oracle.svm.truffle.Target_com_oracle_truffle_api_dsl_InlineSupport_UnsafeField, BUILD_TIME, substitutions are always initialized
com.oracle.svm.truffle.Target_com_oracle_truffle_api_nodes_Node, BUILD_TIME, substitutions are always initialized
com.oracle.svm.truffle.Target_com_oracle_truffle_api_nodes_NodeClass, BUILD_TIME, substitutions are always initialized
com.oracle.svm.truffle.Target_com_oracle_truffle_api_nodes_NodeClassImpl_NodeFieldData, BUILD_TIME, substitutions are always initialized
com.oracle.svm.truffle.Target_com_oracle_truffle_api_staticobject_ArrayBasedStaticShape, BUILD_TIME, substitutions are always initialized
com.oracle.svm.truffle.Target_com_oracle_truffle_api_staticobject_PodBasedShapeGenerator, BUILD_TIME, substitutions are always initialized
com.oracle.svm.truffle.Target_com_oracle_truffle_api_staticobject_PodBasedStaticShape, BUILD_TIME, substitutions are always initialized
com.oracle.svm.truffle.Target_com_oracle_truffle_api_staticobject_StaticProperty, BUILD_TIME, substitutions are always initialized
com.oracle.svm.truffle.Target_com_oracle_truffle_api_staticobject_StaticShape_Builder, BUILD_TIME, substitutions are always initialized
com.oracle.svm.truffle.Target_com_oracle_truffle_object_CoreLocations_DynamicLongFieldLocation, BUILD_TIME, substitutions are always initialized
com.oracle.svm.truffle.Target_com_oracle_truffle_object_CoreLocations_DynamicObjectFieldLocation, BUILD_TIME, substitutions are always initialized
com.oracle.svm.truffle.Target_com_oracle_truffle_polyglot_InternalResourceCache, BUILD_TIME, substitutions are always initialized
com.oracle.svm.truffle.Target_com_oracle_truffle_polyglot_LanguageCache, BUILD_TIME, substitutions are always initialized
com.oracle.svm.truffle.isolated.IsolatedCompilationResultData, BUILD_TIME, classes annotated with RawStructure are always initialized at image build time
com.oracle.svm.truffle.nfi.LibFFI$ClosureData, BUILD_TIME, classes annotated with CStruct are always initialized at image build time and classes annotated with CContext are always initialized at image build time
com.oracle.svm.truffle.nfi.NativeAPI, BUILD_TIME, classes annotated with CContext are always initialized at image build time
com.oracle.svm.truffle.nfi.NativeAPI$NativeTruffleContext, BUILD_TIME, classes annotated with CStruct are always initialized at image build time
com.oracle.svm.truffle.nfi.NativeAPI$NativeTruffleEnv, BUILD_TIME, classes annotated with CStruct are always initialized at image build time
com.oracle.svm.truffle.nfi.NativeAPI$TruffleNativeAPI, BUILD_TIME, classes annotated with CStruct are always initialized at image build time
com.oracle.svm.truffle.nfi.NativeAPI$TruffleThreadAPI, BUILD_TIME, classes annotated with CStruct are always initialized at image build time
com.oracle.svm.truffle.nfi.NativeSignature$CifData, BUILD_TIME, classes annotated with CStruct are always initialized at image build time and classes annotated with CContext are always initialized at image build time
com.oracle.svm.truffle.nfi.libffi.LibFFI, BUILD_TIME, classes annotated with CConstant are always initialized at image build time and classes annotated with CContext are always initialized at image build time
com.oracle.svm.truffle.nfi.libffi.LibFFI$ffi_arg, BUILD_TIME, classes annotated with CStruct are always initialized at image build time
com.oracle.svm.truffle.nfi.libffi.LibFFI$ffi_cif, BUILD_TIME, classes annotated with CStruct are always initialized at image build time
com.oracle.svm.truffle.nfi.libffi.LibFFI$ffi_closure, BUILD_TIME, classes annotated with CStruct are always initialized at image build time
com.oracle.svm.truffle.nfi.libffi.LibFFI$ffi_type, BUILD_TIME, classes annotated with CStruct are always initialized at image build time
com.oracle.svm.truffle.nfi.libffi.LibFFI$ffi_type_array, BUILD_TIME, classes annotated with CPointerTo are always initialized at image build time
com.oracle.svm.truffle.nfi.libffi.LibFFIHeaderDirectives, BUILD_TIME, CContext.Directives must be eagerly initialized
com.oracle.truffle, BUILD_TIME, from 'META-INF/native-image/org.graalvm.truffle/native-image.properties' in 'file:///Users/pbagherinia/.gradle/caches/modules-2/files-2.1/org.graalvm.truffle/truffle-api/24.1.2/9f4f7b88626ff41c953e22a040fa83629ca77b17/truffle-api-24.1.2.jar' with 'com.oracle.truffle'
com.sun.crypto.provider, BUILD_TIME, Core JDK classes are initialized at build time
com.sun.crypto.provider.SunJCE$SecureRandomHolder, RERUN, for substitutions
com.sun.java.util.jar.pack, BUILD_TIME, Core JDK classes are initialized at build time
com.sun.jmx.mbeanserver.DefaultMXBeanMappingFactory, BUILD_TIME, from feature com.oracle.svm.core.jdk.management.ManagementFeature.duringSetup with 'com.sun.jmx.mbeanserver.DefaultMXBeanMappingFactory'
com.sun.jmx.mbeanserver.DefaultMXBeanMappingFactory$IdentityMapping, BUILD_TIME, from feature com.oracle.svm.core.jdk.management.ManagementFeature.duringSetup with 'com.sun.jmx.mbeanserver.DefaultMXBeanMappingFactory$IdentityMapping'
com.sun.jmx.mbeanserver.DefaultMXBeanMappingFactory$Mappings, BUILD_TIME, from feature com.oracle.svm.core.jdk.management.ManagementFeature.duringSetup with 'com.sun.jmx.mbeanserver.DefaultMXBeanMappingFactory$Mappings'
com.sun.jmx.mbeanserver.DefaultMXBeanMappingFactory$NonNullMXBeanMapping, BUILD_TIME, super type of com.sun.jmx.mbeanserver.DefaultMXBeanMappingFactory$IdentityMapping
com.sun.jmx.mbeanserver.DescriptorCache, BUILD_TIME, from feature com.oracle.svm.core.jdk.management.ManagementFeature.duringSetup with 'com.sun.jmx.mbeanserver.DescriptorCache'
com.sun.jmx.mbeanserver.MXBeanMapping, BUILD_TIME, super type of com.sun.jmx.mbeanserver.DefaultMXBeanMappingFactory$NonNullMXBeanMapping
com.sun.jmx.mbeanserver.MXBeanMappingFactory, BUILD_TIME, super type of com.sun.jmx.mbeanserver.DefaultMXBeanMappingFactory
com.sun.jmx.remote.util.ClassLogger, BUILD_TIME, from feature com.oracle.svm.core.jdk.management.ManagementFeature.duringSetup with 'com.sun.jmx.remote.util.ClassLogger'
com.sun.jndi, BUILD_TIME, Core JDK classes are initialized at build time
com.sun.jndi.dns.DnsClient, RERUN, Contains Random references, therefore can't be included in the image heap.
com.sun.jndi.ldap.ServiceLocator, RERUN, Contains Random references, therefore can't be included in the image heap.
com.sun.management, BUILD_TIME, Core JDK classes are initialized at build time
com.sun.management.internal.OperatingSystemImpl, RERUN, for JDK native code support via JNI
com.sun.naming.internal, BUILD_TIME, Core JDK classes are initialized at build time
com.sun.naming.internal.ResourceManager$AppletParameter, RUN_TIME, Initializes AWT
com.sun.net.ssl, BUILD_TIME, Core JDK classes are initialized at build time
com.sun.nio.file, BUILD_TIME, Core JDK classes are initialized at build time
com.sun.nio.sctp, BUILD_TIME, Core JDK classes are initialized at build time
com.sun.nio.zipfs, BUILD_TIME, Core JDK classes are initialized at build time
com.sun.org.apache, BUILD_TIME, Core JDK classes are initialized at build time
com.sun.org.slf4j.internal, BUILD_TIME, Core JDK classes are initialized at build time
com.sun.security.auth, BUILD_TIME, Core JDK classes are initialized at build time
com.sun.security.cert.internal.x509, BUILD_TIME, Core JDK classes are initialized at build time
com.sun.security.jgss, BUILD_TIME, Core JDK classes are initialized at build time
com.sun.security.ntlm, BUILD_TIME, Core JDK classes are initialized at build time
com.sun.security.sasl, BUILD_TIME, Core JDK classes are initialized at build time
com.sun.xml, BUILD_TIME, Core JDK classes are initialized at build time
double, BUILD_TIME, primitive types are initialized at build time
double[], BUILD_TIME, arrays are initialized at build time
float, BUILD_TIME, primitive types are initialized at build time
float[], BUILD_TIME, arrays are initialized at build time
int, BUILD_TIME, primitive types are initialized at build time
int[], BUILD_TIME, arrays are initialized at build time
java.awt.font.JavaAWTFontAccessImpl, BUILD_TIME, Required for sun.text.bidi.BidiBase.NumericShapings
java.awt.font.NumericShaper, BUILD_TIME, Required for sun.text.bidi.BidiBase.NumericShapings
java.awt.font.TextAttribute, BUILD_TIME, Required for sun.text.bidi.BidiBase.NumericShapings
java.io, BUILD_TIME, Core JDK classes are initialized at build time
java.io.Console, RERUN, for JDK native code support via JNI
java.io.DeleteOnExitHook, RERUN, for JDK native code support via JNI
java.io.File$TempDirectory, RERUN, for JDK native code support via JNI
java.io.FilePermission, RERUN, for JDK native code support via JNI
java.io.ObjectInputFilter$Config, RERUN, Field filter have to be initialized at runtime
java.io.RandomAccessFile, RERUN, for JDK native code support via JNI
java.io.Serializable[], BUILD_TIME, arrays are initialized at build time
java.lang, BUILD_TIME, Core JDK classes are initialized at build time
java.lang.ApplicationShutdownHooks, RERUN, for JDK native code support via JNI
java.lang.Boolean[], BUILD_TIME, arrays are initialized at build time
java.lang.Byte[], BUILD_TIME, arrays are initialized at build time
java.lang.CharSequence[], BUILD_TIME, arrays are initialized at build time
java.lang.Character[], BUILD_TIME, arrays are initialized at build time
java.lang.Cloneable[], BUILD_TIME, arrays are initialized at build time
java.lang.Comparable[], BUILD_TIME, arrays are initialized at build time
java.lang.Double[], BUILD_TIME, arrays are initialized at build time
java.lang.Enum, BUILD_TIME, super type of com.oracle.svm.core.posix.headers.Signal$DarwinSignalEnum and super type of com.oracle.svm.core.posix.headers.Signal$SignalEnum and super type of com.oracle.svm.core.posix.headers.Time$TimerTypeEnum and super type of com.oracle.svm.core.jni.headers.JNIObjectRefType
java.lang.Exception, BUILD_TIME, super type of org.ietf.jgss.GSSException
java.lang.Float[], BUILD_TIME, arrays are initialized at build time
java.lang.Integer[], BUILD_TIME, arrays are initialized at build time
java.lang.Long[], BUILD_TIME, arrays are initialized at build time
java.lang.Math$RandomNumberGeneratorHolder, RERUN, Contains random seeds
java.lang.Number[], BUILD_TIME, arrays are initialized at build time
java.lang.Object, BUILD_TIME, super type of javax.security.auth.kerberos.KeyTab and super type of java.text.AttributedCharacterIterator$Attribute and super type of java.awt.font.NumericShaper and super type of java.awt.font.JavaAWTFontAccessImpl and super type of org.ietf.jgss.Oid and super type of java.lang.Throwable and super type of sun.rmi.transport.GC and super type of sun.rmi.transport.GC$LatencyLock and super type of sun.security.util.UntrustedCertificates and super type of java.util.Dictionary and others
java.lang.Object[], BUILD_TIME, arrays are initialized at build time
java.lang.ProcessEnvironment, RERUN, for JDK native code support via JNI
java.lang.ProcessHandleImpl, RERUN, for JDK native code support via JNI
java.lang.ProcessHandleImpl$Info, RERUN, for JDK native code support via JNI
java.lang.ProcessImpl, RERUN, for JDK native code support via JNI
java.lang.ScopedValue, BUILD_TIME, from feature com.oracle.svm.core.thread.JavaThreadsFeature.duringSetup with 'java.lang.ScopedValue'
java.lang.ScopedValue$Cache, BUILD_TIME, from feature com.oracle.svm.core.thread.JavaThreadsFeature.duringSetup with 'java.lang.ScopedValue$Cache'
java.lang.Short[], BUILD_TIME, arrays are initialized at build time
java.lang.StrictMath$RandomNumberGeneratorHolder, RERUN, Contains random seeds
java.lang.String[], BUILD_TIME, arrays are initialized at build time
java.lang.System$Logger, BUILD_TIME, super type of com.sun.jmx.remote.util.ClassLogger
java.lang.Terminator, RERUN, for JDK native code support via JNI
java.lang.Throwable, BUILD_TIME, super type of java.lang.Exception
java.lang.constant.Constable[], BUILD_TIME, arrays are initialized at build time
java.lang.constant.ConstantDesc[], BUILD_TIME, arrays are initialized at build time
java.lang.reflect.AnnotatedElement, BUILD_TIME, super type of com.oracle.svm.core.hub.DynamicHub and super type of java.lang.reflect.GenericDeclaration
java.lang.reflect.Type, BUILD_TIME, super type of com.oracle.svm.core.hub.DynamicHub
java.math, BUILD_TIME, Core JDK classes are initialized at build time
java.net, BUILD_TIME, Core JDK classes are initialized at build time
java.net.DatagramPacket, RERUN, for JDK native code support via JNI
java.net.DefaultInterface, RERUN, for JDK native code support via JNI
java.net.InetAddress, RERUN, for JDK native code support via JNI
java.net.NetworkInterface, RERUN, for JDK native code support via JNI
java.nio, BUILD_TIME, Core JDK classes are initialized at build time
java.nio.file.Files$FileTypeDetectors, RERUN, for JDK native code support via JNI
java.nio.file.TempFileHelper, RERUN, for JDK native code support via JNI
java.rmi, RUN_TIME, from 'META-INF/native-image/org.graalvm.truffle/native-image.properties' in 'file:///Users/pbagherinia/.gradle/caches/modules-2/files-2.1/org.graalvm.truffle/truffle-api/24.1.2/9f4f7b88626ff41c953e22a040fa83629ca77b17/truffle-api-24.1.2.jar' with 'java.rmi'
java.security, BUILD_TIME, Core JDK classes are initialized at build time
java.security.Provider, BUILD_TIME, super type of org.jcp.xml.dsig.internal.dom.XMLDSigRI
java.security.Provider$Service, BUILD_TIME, super type of org.jcp.xml.dsig.internal.dom.XMLDSigRI$ProviderService
java.text, BUILD_TIME, Core JDK classes are initialized at build time
java.text.AttributedCharacterIterator$Attribute, BUILD_TIME, super type of java.awt.font.TextAttribute
java.time, BUILD_TIME, Core JDK classes are initialized at build time
java.util, BUILD_TIME, Core JDK classes are initialized at build time
java.util.AbstractMap, BUILD_TIME, super type of java.util.WeakHashMap
java.util.Dictionary, BUILD_TIME, super type of java.util.Hashtable
java.util.Hashtable, BUILD_TIME, super type of java.util.Properties
java.util.Map, BUILD_TIME, super type of java.util.Hashtable and super type of java.util.AbstractMap and super type of java.util.WeakHashMap
java.util.Properties, BUILD_TIME, super type of java.security.Provider
java.util.UUID$Holder, RERUN, for substitutions
java.util.WeakHashMap, BUILD_TIME, super type of com.sun.jmx.mbeanserver.DefaultMXBeanMappingFactory$Mappings
java.util.concurrent.ForkJoinWorkerThread$InnocuousForkJoinWorkerThread, RERUN, innocuousThreadGroup must be initialized at run time
java.util.concurrent.SubmissionPublisher, RERUN, Executor service must be recomputed
java.util.concurrent.ThreadLocalRandom$ThreadLocalRandomProxy, RERUN, for JDK native code support via JNI
java.util.prefs.MacOSXPreferences, RERUN, for JDK native code support via JNI
java.util.prefs.MacOSXPreferencesFile, RERUN, for JDK native code support via JNI
java.util.zip.Adler32, RERUN, for JDK native code support via JNI
java.util.zip.CRC32, RERUN, for JDK native code support via JNI
java.util.zip.Deflater, RERUN, for JDK native code support via JNI
java.util.zip.Inflater, RERUN, for JDK native code support via JNI
javax.annotation.processing, BUILD_TIME, Core JDK classes are initialized at build time
javax.crypto, BUILD_TIME, Core JDK classes are initialized at build time
javax.lang.model, BUILD_TIME, Core JDK classes are initialized at build time
javax.management, BUILD_TIME, Core JDK classes are initialized at build time
javax.naming, BUILD_TIME, Core JDK classes are initialized at build time
javax.net, BUILD_TIME, Core JDK classes are initialized at build time
javax.net.ssl.SSLContext, RERUN, for JDK native code support via JNI
javax.security.auth, BUILD_TIME, Core JDK classes are initialized at build time
javax.security.auth.kerberos.KeyTab, BUILD_TIME, Force initialization of sun.security.krb5.KerberosSecrets.javaxSecurityAuthKerberosAccess
javax.security.cert, BUILD_TIME, Core JDK classes are initialized at build time
javax.security.sasl, BUILD_TIME, Core JDK classes are initialized at build time
javax.tools, BUILD_TIME, Core JDK classes are initialized at build time
javax.xml, BUILD_TIME, Core JDK classes are initialized at build time
jdk.internal, BUILD_TIME, Core JDK classes are initialized at build time
jdk.internal.loader.NativeLibraries$LibraryPaths, RERUN, for JDK native code support via JNI
jdk.internal.misc.InnocuousThread, RERUN, Contains a thread group INNOCUOUSTHREADGROUP.
jdk.internal.net.http, RUN_TIME, for reading properties at run time
jdk.internal.net.http.websocket.OpeningHandshake, RERUN, contains a SecureRandom reference
jdk.jfr, BUILD_TIME, Needed for Native Image substitutions
jdk.net, BUILD_TIME, Core JDK classes are initialized at build time
jdk.net.ExtendedSocketOptions, RERUN, for JDK native code support via JNI
jdk.net.ExtendedSocketOptions$PlatformSocketOptions, RERUN, for JDK native code support via JNI
jdk.nio, BUILD_TIME, Core JDK classes are initialized at build time
jdk.vm.ci, BUILD_TIME, Native Image classes are always initialized at build time
jdk.xml, BUILD_TIME, Core JDK classes are initialized at build time
long, BUILD_TIME, primitive types are initialized at build time
long[], BUILD_TIME, arrays are initialized at build time
org.graalvm.collections, BUILD_TIME, Native Image classes are always initialized at build time
org.graalvm.compiler, BUILD_TIME, Native Image classes are always initialized at build time
org.graalvm.graphio, BUILD_TIME, Native Image classes are always initialized at build time
org.graalvm.home, BUILD_TIME, Native Image classes are always initialized at build time
org.graalvm.jniutils, BUILD_TIME, Native Image classes are always initialized at build time and from 'META-INF/native-image/org.graalvm.truffle/native-image.properties' in 'file:///Users/pbagherinia/.gradle/caches/modules-2/files-2.1/org.graalvm.truffle/truffle-api/24.1.2/9f4f7b88626ff41c953e22a040fa83629ca77b17/truffle-api-24.1.2.jar' with 'org.graalvm.jniutils'
org.graalvm.nativebridge, BUILD_TIME, Native Image classes are always initialized at build time and from 'META-INF/native-image/org.graalvm.truffle/native-image.properties' in 'file:///Users/pbagherinia/.gradle/caches/modules-2/files-2.1/org.graalvm.truffle/truffle-api/24.1.2/9f4f7b88626ff41c953e22a040fa83629ca77b17/truffle-api-24.1.2.jar' with 'org.graalvm.nativebridge'
org.graalvm.nativeimage, BUILD_TIME, Native Image classes are always initialized at build time
org.graalvm.nativeimage.Isolate, BUILD_TIME, classes annotated with CStruct are always initialized at image build time
org.graalvm.nativeimage.IsolateThread, BUILD_TIME, classes annotated with CStruct are always initialized at image build time
org.graalvm.nativeimage.c.CContext$Directives, BUILD_TIME, super type of com.oracle.svm.core.posix.headers.PosixDirectives and super type of com.oracle.svm.core.jni.headers.JNIHeaderDirectives and super type of com.oracle.svm.truffle.nfi.libffi.LibFFIHeaderDirectives and super type of com.oracle.svm.hosted.c.DirectivesExtension and super type of com.oracle.svm.core.riscv64.RISCV64LibCHelperDirectives and super type of com.oracle.svm.core.amd64.AMD64LibCHelperDirectives and super type of com.oracle.svm.core.aarch64.AArch64LibCHelperDirectives
org.graalvm.nativeimage.c.function.CFunctionPointer[], BUILD_TIME, arrays are initialized at build time
org.graalvm.nativeimage.c.function.CodePointer[], BUILD_TIME, arrays are initialized at build time
org.graalvm.nativeimage.c.function.RelocatedPointer[], BUILD_TIME, arrays are initialized at build time
org.graalvm.nativeimage.c.type.CCharPointer, BUILD_TIME, classes annotated with CPointerTo are always initialized at image build time
org.graalvm.nativeimage.c.type.CCharPointerPointer, BUILD_TIME, classes annotated with CPointerTo are always initialized at image build time
org.graalvm.nativeimage.c.type.CDoublePointer, BUILD_TIME, classes annotated with CPointerTo are always initialized at image build time
org.graalvm.nativeimage.c.type.CFloatPointer, BUILD_TIME, classes annotated with CPointerTo are always initialized at image build time
org.graalvm.nativeimage.c.type.CIntPointer, BUILD_TIME, classes annotated with CPointerTo are always initialized at image build time
org.graalvm.nativeimage.c.type.CIntPointerPointer, BUILD_TIME, classes annotated with CPointerTo are always initialized at image build time
org.graalvm.nativeimage.c.type.CLongPointer, BUILD_TIME, classes annotated with CPointerTo are always initialized at image build time
org.graalvm.nativeimage.c.type.CShortPointer, BUILD_TIME, classes annotated with CPointerTo are always initialized at image build time
org.graalvm.nativeimage.c.type.VoidPointer, BUILD_TIME, classes annotated with CPointerTo are always initialized at image build time
org.graalvm.nativeimage.c.type.WordPointer, BUILD_TIME, classes annotated with CPointerTo are always initialized at image build time
org.graalvm.options, BUILD_TIME, Native Image classes are always initialized at build time
org.graalvm.polyglot, BUILD_TIME, Native Image classes are always initialized at build time and from 'META-INF/native-image/org.graalvm.polyglot/native-image.properties' in 'file:///Users/pbagherinia/.gradle/caches/modules-2/files-2.1/org.graalvm.polyglot/polyglot/24.1.2/8f954ecda2c30def4cbd6f90d3871fa803a24d5/polyglot-24.1.2.jar' with 'org.graalvm.polyglot'
org.graalvm.shadowed.org.fusesource.jansi, BUILD_TIME, from 'META-INF/native-image/org.graalvm.truffle/native-image.properties' in 'file:///Users/pbagherinia/.gradle/caches/modules-2/files-2.1/org.graalvm.truffle/truffle-api/24.1.2/9f4f7b88626ff41c953e22a040fa83629ca77b17/truffle-api-24.1.2.jar' with 'org.graalvm.shadowed.org.fusesource.jansi'
org.graalvm.shadowed.org.jline, BUILD_TIME, from 'META-INF/native-image/org.graalvm.truffle/native-image.properties' in 'file:///Users/pbagherinia/.gradle/caches/modules-2/files-2.1/org.graalvm.truffle/truffle-api/24.1.2/9f4f7b88626ff41c953e22a040fa83629ca77b17/truffle-api-24.1.2.jar' with 'org.graalvm.shadowed.org.jline'
org.graalvm.shadowed.org.json, BUILD_TIME, from 'META-INF/native-image/org.graalvm.truffle/native-image.properties' in 'file:///Users/pbagherinia/.gradle/caches/modules-2/files-2.1/org.graalvm.truffle/truffle-api/24.1.2/9f4f7b88626ff41c953e22a040fa83629ca77b17/truffle-api-24.1.2.jar' with 'org.graalvm.shadowed.org.json'
org.graalvm.util, BUILD_TIME, Native Image classes are always initialized at build time
org.graalvm.word, BUILD_TIME, Native Image classes are always initialized at build time
org.graalvm.word.ComparableWord[], BUILD_TIME, arrays are initialized at build time
org.graalvm.word.Pointer, BUILD_TIME, super type of com.oracle.svm.core.posix.headers.Pwd$passwdPointer
org.graalvm.word.PointerBase[], BUILD_TIME, arrays are initialized at build time
org.graalvm.word.WordBase[], BUILD_TIME, arrays are initialized at build time
org.ietf.jgss.GSSException, BUILD_TIME, Core JDK classes are initialized at build time
org.ietf.jgss.GSSName, BUILD_TIME, Core JDK classes are initialized at build time
org.ietf.jgss.Oid, BUILD_TIME, Core JDK classes are initialized at build time
org.jcp.xml.dsig.internal.dom.XMLDSigRI, BUILD_TIME, Required for TrustStoreManager
org.jcp.xml.dsig.internal.dom.XMLDSigRI$ProviderService, BUILD_TIME, Required for TrustStoreManager
org.organicdesign.fp.collections, RUN_TIME, from command line with 'org.organicdesign.fp.collections'
org.pkl.core, BUILD_TIME, from command line with 'org.pkl.core'
org.snakeyaml.engine, RUN_TIME, from command line with 'org.snakeyaml.engine'
short, BUILD_TIME, primitive types are initialized at build time
short[], BUILD_TIME, arrays are initialized at build time
sun.invoke, BUILD_TIME, Core JDK classes are initialized at build time
sun.launcher, BUILD_TIME, Core JDK classes are initialized at build time
sun.management, BUILD_TIME, Core JDK classes are initialized at build time
sun.misc, BUILD_TIME, Core JDK classes are initialized at build time
sun.net, BUILD_TIME, Core JDK classes are initialized at build time
sun.net.PortConfig, RERUN, Calls PortConfig.getLower0() and PortConfig.getUpper0()
sun.net.ext.ExtendedSocketOptions, RERUN, for JDK native code support via JNI
sun.net.httpserver.simpleserver, RUN_TIME, Allocates InetAddress in class initializers
sun.net.www.protocol.http.DigestAuthentication$Parameters, RERUN, Contains Random references, therefore can't be included in the image heap.
sun.net.www.protocol.jar.JarFileFactory, RERUN, for JDK native code support via JNI
sun.net.www.protocol.jar.JarURLConnection, RERUN, for JDK native code support via JNI
sun.nio, BUILD_TIME, Core JDK classes are initialized at build time
sun.nio.ch.AsynchronousServerSocketChannelImpl$DefaultOptionsHolder, RERUN, for JDK native code support via JNI
sun.nio.ch.AsynchronousSocketChannelImpl$DefaultOptionsHolder, RERUN, for JDK native code support via JNI
sun.nio.ch.DatagramChannelImpl, RERUN, for JDK native code support via JNI
sun.nio.ch.DatagramChannelImpl$DefaultOptionsHolder, RERUN, for JDK native code support via JNI
sun.nio.ch.DevPollArrayWrapper, RERUN, Calls IOUtil.fdLimit()
sun.nio.ch.EPoll, RERUN, Calls EPoll.eventSize(), EPoll.eventsOffset() and EPoll.dataOffset()
sun.nio.ch.EPollSelectorImpl, RERUN, Calls IOUtil.fdLimit()
sun.nio.ch.EventPortSelectorImpl, RERUN, Calls IOUtil.fdLimit()
sun.nio.ch.FileChannelImpl, RERUN, for JDK native code support via JNI
sun.nio.ch.FileChannelImpl$Unmapper, RERUN, for JDK native code support via JNI
sun.nio.ch.FileDispatcherImpl, RERUN, for JDK native code support via JNI
sun.nio.ch.FileKey, RERUN, for JDK native code support via JNI
sun.nio.ch.IOUtil, RERUN, for JDK native code support via JNI
sun.nio.ch.NativeThread, RERUN, for JDK native code support via JNI
sun.nio.ch.Net, RERUN, for JDK native code support via JNI
sun.nio.ch.Poller, RERUN, Contains an InnocuousThread.
sun.nio.ch.ServerSocketChannelImpl, RERUN, for JDK native code support via JNI
sun.nio.ch.ServerSocketChannelImpl$DefaultOptionsHolder, RERUN, for JDK native code support via JNI
sun.nio.ch.SimpleAsynchronousFileChannelImpl, RERUN, for JDK native code support via JNI
sun.nio.ch.SimpleAsynchronousFileChannelImpl$DefaultExecutorHolder, RERUN, for JDK native code support via JNI
sun.nio.ch.SinkChannelImpl, RERUN, for JDK native code support via JNI
sun.nio.ch.SocketChannelImpl$DefaultOptionsHolder, RERUN, for JDK native code support via JNI
sun.nio.ch.SocketOptionRegistry$LazyInitialization, RERUN, for JDK native code support via JNI
sun.nio.ch.SourceChannelImpl, RERUN, for JDK native code support via JNI
sun.nio.ch.UnixAsynchronousServerSocketChannelImpl, RERUN, for JDK native code support via JNI
sun.nio.ch.UnixDomainSockets, RERUN, for JDK native code support via JNI
sun.nio.fs.LinuxWatchService$Poller, RERUN, LinuxWatchService.eventSize() and LinuxWatchService.eventOffsets()
sun.nio.fs.UnixNativeDispatcher, RERUN, for JDK native code support via JNI
sun.reflect, BUILD_TIME, Core JDK classes are initialized at build time
sun.rmi, RUN_TIME, from 'META-INF/native-image/org.graalvm.truffle/native-image.properties' in 'file:///Users/pbagherinia/.gradle/caches/modules-2/files-2.1/org.graalvm.truffle/truffle-api/24.1.2/9f4f7b88626ff41c953e22a040fa83629ca77b17/truffle-api-24.1.2.jar' with 'sun.rmi'
sun.rmi.transport.GC, BUILD_TIME, Loaded an unneeded library (rmi) in static initializer.
sun.rmi.transport.GC$LatencyLock, BUILD_TIME, Loaded an unneeded library (rmi) in static initializer.
sun.security.action, BUILD_TIME, Core JDK classes are initialized at build time
sun.security.ec, BUILD_TIME, Core JDK classes are initialized at build time
sun.security.internal.interfaces, BUILD_TIME, Core JDK classes are initialized at build time
sun.security.internal.spec, BUILD_TIME, Core JDK classes are initialized at build time
sun.security.jca, BUILD_TIME, Core JDK classes are initialized at build time
sun.security.jca.JCAUtil, RERUN, JCAUtil.def holds a SecureRandom.
sun.security.jca.JCAUtil$CachedSecureRandomHolder, RERUN, for substitutions
sun.security.jgss, BUILD_TIME, Core JDK classes are initialized at build time
sun.security.krb5, BUILD_TIME, Core JDK classes are initialized at build time
sun.security.krb5.Config, RERUN, Reset the value of lazily initialized field sun.security.krb5.Config#singleton
sun.security.krb5.Confounder, RERUN, for substitutions
sun.security.krb5.KrbServiceLocator, RERUN, Contains Random references, therefore can't be included in the image heap.
sun.security.mscapi, BUILD_TIME, Core JDK classes are initialized at build time
sun.security.pkcs, BUILD_TIME, Core JDK classes are initialized at build time
sun.security.pkcs10, BUILD_TIME, Core JDK classes are initialized at build time
sun.security.pkcs11, BUILD_TIME, Core JDK classes are initialized at build time
sun.security.pkcs12, BUILD_TIME, Core JDK classes are initialized at build time
sun.security.provider, BUILD_TIME, Core JDK classes are initialized at build time
sun.security.provider.AbstractDrbg$SeederHolder, RERUN, for substitutions
sun.security.provider.FileInputStreamPool, RERUN, for substitutions
sun.security.provider.NativePRNG, RERUN, for substitutions
sun.security.provider.NativePRNG$Blocking, RERUN, for substitutions
sun.security.provider.NativePRNG$NonBlocking, RERUN, for substitutions
sun.security.provider.SecureRandom$SeederHolder, RERUN, for substitutions
sun.security.provider.SeedGenerator, RERUN, for substitutions
sun.security.rsa, BUILD_TIME, Core JDK classes are initialized at build time
sun.security.smartcardio, BUILD_TIME, Core JDK classes are initialized at build time
sun.security.ssl, BUILD_TIME, Core JDK classes are initialized at build time
sun.security.ssl.SSLContextImpl$DefaultManagersHolder, RERUN, for reading properties at run time
sun.security.ssl.SSLLogger, RERUN, for reading properties at run time
sun.security.timestamp, BUILD_TIME, Core JDK classes are initialized at build time
sun.security.tools, BUILD_TIME, Core JDK classes are initialized at build time
sun.security.util, BUILD_TIME, Core JDK classes are initialized at build time
sun.security.util.UntrustedCertificates, BUILD_TIME, Required for TrustStoreManager
sun.security.validator, BUILD_TIME, Core JDK classes are initialized at build time
sun.security.x509, BUILD_TIME, Core JDK classes are initialized at build time
sun.text, BUILD_TIME, Core JDK classes are initialized at build time
sun.util, BUILD_TIME, Core JDK classes are initialized at build time
void, BUILD_TIME, primitive types are initialized at build time
